Salary,Born,Cntry,Nat,Ht,Wt,DftYr,Ovrl,Hand,Last Name,First Name,Position,Team,GP,G,A,A1,A2,PTS,+/-
925000,97-01-30,CAN,CAN,74,190,2015,18,L,Chabot,Thomas,D,OTT,1,0,0,0,0,0,-2
2250000,93-12-21,CAN,CAN,,207,2012,15,R,Ceci,Cody,D,OTT,79,,15,6,9,17,-11
8000000,88-04-16,USA,USA,72,218,,7,R,Okposo,Kyle,RW,BUF,65,19,26,13,13,45,-7
3500000,92-01-07,CAN,CAN,77,220,2010,3,R,Gudbranson,Erik,D,VAN,30,1,5,,0,6,-14
1750000,94-03-29,CAN,CAN,,217,2012,16,R,Wilson,Tom,RW,WSH,82,7,12,4,8,19,9
1500000,79-05-23,CAN,CAN,70,192,,156,L,Campbell,Brian,D,CHI,80,,12,6,6,17,
950000,90-11-21,SWE,SWE,71,185,2009,53,L,Rodin,Anton,RW,VAN,3,0,1,0,1,1,1
842500,93-07-28,CAN,CAN,,183,,,R,Rodrigues,Evan,LW/C,BUF,30,4,2,2,0,6,-7
1250000,92-06-14,CAN,CAN,72,214,2010,42,R,Smith-Pelly,Devante,RW/C/LW,N.J,53,4,5,2,3,,-19
925000,93-04-27,CAN,CAN,68,178,2011,201,L,Peca,Matthew,C,T.B,10,1,1,1,,2,-3
800000,86-07-27,CAN,CAN,73,195,,,L,Desjardins,Andrew,LW/C,CHI,46,0,1,0,1,1,-6
600000,92-04-09,CAN,CAN,74,204,2010,89,L,Chaput,Michael,C,VAN,68,4,5,2,3,9,-12
1000000,88-03-17,CAN,CAN,,200,2006,66,R,White,Ryan,C,ARI/MIN,65,9,7,4,3,16,-16
925000,96-06-20,CAN,CAN,73,186,2014,4,L,Bennett,Sam,C,CGY,81,13,,7,6,26,-16
950000,89-04-20,CAN,CAN,72,195,,112,R,Sceviour,Colton,C/RW,FLA,80,9,15,9,6,24,-16
680000,94-01-06,CAN,CAN,,187,2012,105,L,Kulak,Brett,D,CGY,21,0,3,2,1,,-3
590000,92-04-24,CAN,CAN,71,183,2011,209,L,Wilson,Scott,LW/C,PIT,78,8,18,11,7,26,0
650000,91-05-13,CAN,CAN,74,203,2009,70,R,Beck,Taylor,LW,EDM/NYR,5,0,0,0,0,0,-3
2250000,86-04-28,CZE,CZE,74,235,2004,180,R,Polak,Roman,D,TOR,75,,7,,5,11,10
600000,90-10-08,USA,USA,,210,2009,114,L,Helgeson,Seth,D,N.J,9,1,0,0,0,1,2
5000000,94-03-09,CAN,CAN,73,215,2012,5,L,Rielly,Morgan,D,TOR,76,6,21,14,7,27,-20
5250000,92-06-25,CAN,CAN,70,188,2010,14,L,Schwartz,Jaden,LW/C,STL,78,19,36,24,12,,14
925000,96-05-01,CAN,SWE,,190,2014,8,R,Nylander,William,C/RW,TOR,81,22,39,23,16,61,
1600000,90-11-29,CZE,CZE,79,220,,,R,Sustr,Andrej,D,T.B,80,3,11,5,6,14,-10
717500,96-11-26,USA,USA,77,203,2015,37,R,Carlo,Brandon,D,BOS,82,6,10,3,7,16,
925000,96-05-25,CZE,CZE,72,181,2014,25,R,Pastrnak,David,RW/LW,BOS,75,34,36,22,14,70,11
900000,98-03-14,CAN,CAN,,191,2016,10,L,Jost,Tyson,C/LW/RW,COL,6,1,0,0,0,1,-5
3750000,88-05-28,CAN,CAN,72,200,2007,26,R,Perron,David,LW/RW,STL,82,18,28,,12,46,-2
792500,94-03-23,SWE,SWE,75,209,2012,81,R,Sundqvist,Oskar,C,PIT,10,0,0,0,0,0,-4
600000,90-11-16,USA,USA,,219,,,L,Schaller,Tim,C,BOS,59,7,,6,1,14,-6
6000000,91-08-22,CAN,CAN,73,195,,5,L,Schenn,Brayden,C/LW,PHI,79,25,30,17,13,55,-13
5500000,92-03-20,USA,USA,72,215,2010,37,R,Faulk,Justin,D,CAR,75,17,20,11,9,,-18
724500,92-10-26,CAN,CAN,72,192,2011,65,L,Cramarossa,Joseph,C/LW,ANA/VAN,59,4,6,3,3,10,0
725000,91-11-01,CAN,CAN,72,188,,,L,Carr,Daniel,LW,MTL,33,2,7,5,,9,4
4000000,90-06-05,CZE,CZE,72,204,2010,66,R,Gudas,Radko,D,PHI,67,,17,10,7,23,8
800000,90-09-23,CAN,CAN,70,206,2009,132,L,Bourque,Gabriel,LW/RW,COL,6,0,0,0,0,0,0
4250000,90-06-01,CHE,CHE,73,201,2008,38,L,Josi,Roman,D,NSH,72,12,37,20,17,49,
742500,94-05-01,USA,USA,74,205,,120,L,Slavin,Jaccob,D,CAR,82,5,29,14,15,34,23
750000,90-06-20,USA,USA,75,221,2008,128,R,Pateryn,Greg,D,DAL/MTL,36,1,8,1,7,9,-1
4500000,86-08-01,SWE,SWE,71,190,2005,216,R,Stralman,Anton,D,T.B,73,5,17,8,9,,1
3000000,92-11-12,SWE,SWE,75,215,2011,4,R,Larsson,Adam,D,EDM,79,4,15,,12,19,21
630000,90-05-27,USA,USA,74,196,2009,198,R,Dowd,Nic,C,L.A,70,6,16,10,6,22,-15
2200000,89-11-21,FRA,FRA,72,200,,,L,Roussel,Antoine,LW,DAL,60,,15,11,4,27,
650000,90-07-16,USA,USA,75,221,,,L,Lashoff,Brian,D,DET,5,0,0,0,0,0,-3
1300000,89-04-27,CAN,CAN,69,160,2007,179,L,Byron,Paul,LW/C/RW,MTL,81,22,21,15,6,43,21
925000,94-09-22,SWE,SWE,74,196,2013,14,L,Wennberg,Alex,C,CBJ,80,13,46,27,19,,9
700000,88-02-16,DEU,DEU,75,215,,111,R,Holzer,Korbinian,D,ANA,32,2,5,2,3,7,0
1200000,92-02-18,SVK,SVK,76,210,2010,46,L,Marincin,Martin,D,TOR,25,1,6,2,4,7,3
925000,97-01-13,RUS,RUS,73,201,2015,7,L,Provorov,Ivan,D,PHI,82,6,,15,9,30,-7
925000,97-06-23,CAN,CAN,76,220,2015,11,L,Crouse,Lawson,LW,ARI,72,5,7,5,2,12,-20
6000000,88-09-10,CAN,CAN,,220,2006,2,L,Staal,Jordan,C/LW,CAR,75,16,29,11,,45,-1
950000,83-10-19,CAN,CAN,,200,2002,17,R,Gordon,Boyd,C/RW,PHI,13,,0,0,0,1,-5
2500000,94-12-02,SWE,SWE,,192,2013,5,R,Lindholm,Elias,C/RW,CAR,72,11,34,29,5,45,
1050000,91-03-23,FIN,FIN,,193,2009,182,L,Haula,Erik,C/LW,MIN,72,15,,7,4,26,5
792500,95-03-14,SWE,SWE,72,201,2013,180,L,Blidh,Anton,LW,BOS,19,1,1,1,0,2,-2
600000,86-08-09,USA,USA,71,197,,,R,Cannone,Patrick,C,MIN,3,0,0,0,0,0,0
4750000,85-10-12,SWE,SWE,75,210,2004,49,L,Soderberg,Carl,C/LW,COL,80,6,8,4,4,,-26
925000,93-02-10,CAN,CAN,74,194,,92,L,Simpson,Dillon,D,EDM,3,0,,0,0,0,0
6000000,90-09-20,CAN,CAN,73,211,2009,1,L,Tavares,John,C,NYI,77,28,38,21,17,66,
925000,98-03-02,CAN,CAN,73,180,2016,8,R,Nylander,Alex,RW/LW,BUF,4,0,1,1,0,1,-2
767500,95-04-16,CAN,CAN,,210,2013,40,L,Elie,Remi,LW,DAL,18,1,,2,4,7,5
3500000,89-06-05,USA,USA,,182,2008,157,R,Atkinson,Cam,RW,CBJ,82,35,27,18,9,62,13
4500000,91-03-20,USA,USA,72,199,2009,16,L,Leddy,Nick,D,NYI,81,11,35,17,18,,-3
750000,83-02-02,CAN,CAN,69,195,2001,98,R,Tootoo,Jordin,RW,CHI,50,2,1,0,1,3,-6
3100000,87-05-02,CAN,CAN,70,170,2005,67,L,Russell,Kris,D,EDM,68,1,12,2,10,13,
2350000,94-07-25,CAN,CAN,72,183,2012,7,R,Dumba,Matt,D,MIN,76,11,,10,13,34,15
750000,91-09-30,USA,USA,78,232,,,R,Robinson,Buddy,RW,OTT,4,0,0,0,0,,0
700000,87-05-19,USA,USA,73,216,2005,7,R,Skille,Jack,RW,VAN,55,5,4,4,0,9,0
6750000,83-10-03,CAN,CAN,72,198,,,L,Giordano,Mark,D,CGY,81,12,27,12,15,39,22
600000,91-01-18,USA,USA,72,195,,,R,Carpenter,Ryan,C,S.J,11,2,2,2,0,4,5
650000,96-05-27,CAN,CAN,,191,2014,101,R,Nogier,Nelson,D,WPG,10,0,0,0,0,0,
2600000,91-07-27,CAN,CAN,,218,2009,30,L,Despres,Simon,D,ANA,1,0,0,,0,0,0
667500,95-12-12,USA,USA,71,185,2014,171,R,Labanc,Kevin,RW,S.J,55,8,12,10,2,20,9
925000,94-04-07,CAN,CAN,70,190,,,R,Stecher,Troy,D,VAN,71,,21,10,11,24,-16
2100000,89-07-05,CAN,CAN,76,229,2007,109,L,King,Dwight,LW/RW,L.A/MTL,80,9,7,4,3,16,-2
7000000,87-12-09,USA,USA,75,204,2006,45,R,Petry,Jeff,D,MTL,80,8,20,11,9,28,3
667500,94-02-07,USA,USA,,193,,167,R,Barber,Riley,RW,WSH,3,0,0,0,,0,0
5000000,87-09-03,CAN,CAN,,221,2005,33,L,Neal,James,RW/LW,NSH,70,23,18,14,4,41,-10
3900000,87-07-26,USA,USA,73,212,2007,95,L,Martinez,Alec,D,L.A,82,9,30,13,17,39,
625000,92-07-25,CAN,CAN,72,202,2012,58,L,Martinook,Jordan,LW/C,ARI,77,,14,10,4,25,-8
2750000,90-12-01,SVK,SVK,70,185,2009,60,L,Tatar,Tomas,LW/C/RW,DET,82,25,21,12,9,46,-8
3400000,92-05-19,RUS,RUS,74,192,2010,26,L,Kuznetsov,Evgeny,C/LW,WSH,82,19,40,23,17,59,18
842500,96-04-16,CAN,CAN,,195,2014,30,L,Quenneville,John,C,N.J,12,1,3,2,1,4,1
5500000,80-09-26,USA,USA,,219,2000,18,L,Orpik,Brooks,D,WSH,79,0,14,6,8,14,
575000,91-12-15,CAN,CAN,,172,,,L,Gourde,Yanni,C,T.B,20,6,2,2,0,8,-1
5500000,87-02-25,USA,USA,74,218,2005,42,L,Abdelkader,Justin,LW/RW,DET,64,7,14,9,,21,-20
925000,93-02-25,USA,USA,70,194,,,R,Vecchione,Mike,C/RW,PHI,2,0,0,0,0,0,-1
5750000,88-05-24,RUS,RUS,76,198,2006,54,L,Anisimov,Artem,C/LW,CHI,64,22,23,12,11,45,9
715000,93-09-08,USA,USA,,195,2011,99,L,Boucher,Reid,C/LW,N.J/NSH/VAN,39,6,,3,1,10,-6
925000,98-03-31,USA,USA,75,200,2016,16,L,Chychrun,Jakob,D,ARI,68,7,13,5,8,,-14
3250000,85-02-19,CAN,CAN,76,216,2004,79,L,Stoner,Clayton,D,ANA,14,1,2,1,1,3,0
925000,96-02-07,CAN,CAN,76,216,2014,1,R,Ekblad,Aaron,D,FLA,68,10,11,4,7,21,
825000,91-10-07,USA,CAN,75,215,2011,160,R,Manson,Josh,D,ANA,82,5,12,4,8,17,14
3575000,89-03-17,SWE,SWE,73,199,2007,24,L,Backlund,Mikael,C,CGY,81,22,31,21,10,,9
600000,92-02-25,USA,USA,68,165,2011,66,R,Tynan,T.J.,C/RW,CBJ,3,0,,0,0,0,-1
5850000,86-04-29,USA,USA,74,218,2004,60,L,Dubinsky,Brandon,C/LW,CBJ,80,12,29,21,8,41,16
750000,92-03-09,USA,USA,72,187,2011,204,L,Dzingel,Ryan,LW/RW/C,OTT,81,,18,13,5,32,7
5000000,82-10-30,USA,USA,71,190,,,L,Greene,Andy,D,N.J,66,4,9,6,3,13,-16
660000,95-09-24,CAN,CAN,76,213,2014,73,R,Lernout,Brett,D,MTL,2,0,0,0,,0,-1
3000000,88-01-05,CAN,CAN,70,188,2006,177,L,Perreault,Mathieu,C/LW,WPG,65,13,,18,14,45,-11
2500000,86-12-20,CAN,CAN,72,192,2006,189,R,Dorsett,Derek,RW,VAN,14,1,3,2,1,4,-6
800000,90-09-12,CAN,CAN,77,202,2008,42,L,Wiercioch,Patrick,D,COL,57,4,8,3,,12,-18
925000,96-02-23,USA,USA,72,177,2014,20,R,Schmaltz,Nick,C/LW,CHI,61,6,22,16,6,28,
13800000,88-11-19,USA,USA,71,177,,1,L,Kane,Patrick,RW/C,CHI,82,34,55,36,19,89,11
3500000,91-04-01,CAN,CAN,72,185,2009,69,L,Smith,Reilly,RW/C/LW,FLA,80,15,22,9,13,37,-13
7000000,85-01-01,CAN,CAN,75,217,2003,11,R,Carter,Jeff,C/RW,L.A,82,,34,22,12,,2
6000000,84-07-11,USA,USA,71,190,2003,205,R,Pavelski,Joe,C/RW,S.J,81,29,39,23,16,68,11
925000,97-12-11,USA,USA,74,202,2016,6,L,Tkachuk,Matthew,LW,CGY,76,13,35,25,,48,14
727500,95-05-15,RUS,RUS,,224,,37,R,Zykov,Valentin,LW,CAR,2,1,0,0,0,1,1
2500000,83-02-04,USA,USA,,195,,148,R,Stempniak,Lee,RW,CAR,82,16,24,13,11,40,2
1000000,89-11-02,CAN,CAN,74,229,2008,5,R,Schenn,Luke,D,ARI,78,1,7,2,5,,-9
700000,89-07-25,CAN,CAN,76,225,2007,172,L,Gazdic,Luke,LW,N.J,11,0,0,0,0,0,-2
2350000,88-12-01,AUT,AUT,72,200,,,L,Raffl,Michael,LW/C,PHI,52,,3,2,1,11,-7
2750000,90-11-13,CAN,CAN,76,230,,,L,Dillon,Brenden,D,S.J,81,2,,1,7,10,-2
925000,97-09-17,USA,USA,,216,2016,1,L,Matthews,Auston,C,TOR,82,40,29,20,9,69,2
7450000,89-12-08,CAN,CAN,,195,2008,2,R,Doughty,Drew,D,L.A,82,12,32,16,16,,8
5400000,94-10-27,FIN,FIN,76,203,2013,8,R,Ristolainen,Rasmus,D,BUF,79,6,39,17,22,45,-9
750000,95-03-22,CAN,CAN,69,179,2013,43,L,Petan,Nic,LW/C,WPG,54,1,,8,4,13,-13
575000,92-10-14,USA,USA,76,224,2011,34,R,Mayfield,Scott,D,NYI,25,2,7,,4,9,-1
925000,96-05-10,USA,USA,76,222,2014,18,R,Tuch,Alex,RW,MIN,6,0,0,0,0,0,-3
925000,93-07-13,USA,USA,74,193,2011,98,L,Reilly,Mike,D,MIN,17,1,0,0,0,1,1
3000000,81-04-11,CAN,CAN,73,197,,,L,Burrows,Alex,LW/RW,OTT/VAN,75,15,16,10,6,,3
650000,92-07-18,USA,USA,73,190,,,R,Nelson,Casey,D,BUF,11,0,0,0,0,0,-3
575000,90-07-03,SWE,SWE,,205,,,L,Rasmussen,Dennis,C,CHI,68,4,4,4,0,8,-4
725000,87-03-15,USA,USA,,190,2005,97,L,VandeVelde,Chris,C/LW,PHI,81,6,9,3,6,,-5
3000000,90-05-24,SWE,SWE,76,215,2009,102,L,Ekholm,Mattias,D,NSH,82,3,20,,14,23,4
950000,90-06-04,CAN,CAN,,205,,,L,Manning,Brandon,D,PHI,65,3,9,4,5,12,-12
3000000,86-10-12,CAN,CAN,76,212,2005,55,R,Mcquaid,Adam,D,BOS,77,2,8,4,4,10,4
1250000,90-07-02,USA,USA,,169,,,R,Brown,J.T.,RW,T.B,64,3,3,1,2,6,
575000,88-06-04,USA,USA,73,196,2008,190,L,Bartkowski,Matt,D,CGY,24,1,1,0,1,,-4
600000,89-11-01,CAN,CAN,74,199,2008,45,R,Dalpe,Zac,C,MIN,9,1,2,0,2,3,0
4000000,72-02-15,CZE,CZE,75,230,,5,L,Jagr,Jaromir,RW,FLA,82,16,30,20,10,46,2
575000,87-01-01,CAN,CAN,72,205,2005,8,R,Setoguchi,Devin,RW,L.A,45,4,,4,4,12,
625000,93-05-21,USA,USA,74,190,,,L,Rooney,Kevin,C,N.J,4,0,0,0,0,0,-3
735000,92-11-05,USA,USA,,190,2011,47,L,Nieto,Matt,LW/RW,COL/S.J,59,,6,3,3,,-12
575000,90-08-16,CAN,CAN,,176,,,L,Jones,Connor,C/LW,NYI,4,0,0,0,0,0,1
640000,90-06-13,NOR,NOR,,220,,,L,Martinsen,Andreas,LW/C,COL/MTL,64,3,4,3,1,,-14
800000,92-11-16,USA,USA,71,185,2011,61,L,Prince,Shane,LW/C,NYI,50,5,,7,6,18,-9
925000,95-04-08,USA,USA,,193,2013,35,R,Compher,J.T.,LW/C,COL,21,3,2,1,1,5,0
4000000,83-04-01,FIN,FIN,71,198,2001,192,L,Jokinen,Jussi,LW/RW/C,FLA,69,,17,11,6,28,-15
5750000,92-10-27,USA,USA,73,206,2011,43,L,Saad,Brandon,LW/RW,CBJ,82,24,29,18,11,53,
892500,91-12-01,USA,USA,70,208,,,R,Acciari,Noel,C,BOS,29,2,3,1,,5,3
7250000,87-04-24,CAN,CAN,72,201,2005,62,R,Letang,Kris,D,PIT,41,5,29,9,20,34,2
3500000,80-02-10,CAN,CAN,72,179,1998,45,L,Ribeiro,Mike,C,NSH,46,4,,10,11,25,
575000,90-05-30,USA,USA,69,170,2008,95,L,Warsofsky,David,D,PIT,7,0,1,1,0,1,-3
10900000,87-08-07,CAN,CAN,,200,2005,1,L,Crosby,Sidney,C,PIT,75,44,45,28,17,,17
667500,97-01-02,CAN,CAN,,185,2015,67,R,Speers,Blake,C,N.J,3,0,0,0,0,0,0
832500,95-02-04,CAN,CAN,76,220,2013,7,L,Nurse,Darnell,D,EDM,44,5,6,,4,11,0
8000000,91-12-13,RUS,RUS,,219,2010,16,L,Tarasenko,Vladimir,RW,STL,82,39,36,18,18,75,-1
692500,95-08-02,SVK,SVK,74,202,2013,90,L,Cehlarik,Peter,LW/RW,BOS,11,0,2,1,1,,0
3500000,84-10-29,CAN,CAN,76,208,2003,2,L,Staal,Eric,C,MIN,82,28,37,24,13,65,17
900000,92-04-20,CAN,CAN,74,208,2010,133,L,Ferland,Micheal,LW/RW,CGY,76,,10,,4,25,-1
575000,89-01-21,USA,USA,70,190,,,L,Farnham,Bobby,RW,MTL,3,0,0,0,0,0,
600000,91-05-17,CAN,CAN,73,210,2011,80,L,Andreoff,Andy,LW/C,L.A,36,0,2,2,0,2,-2
705000,94-01-07,CAN,CAN,72,212,2013,206,R,Weegar,Mackenzie,D,FLA,3,0,0,0,0,0,
900000,96-10-31,SWE,SWE,73,184,,45,R,Forsbacka Karlsson,Jakob,C,BOS,1,0,0,0,0,0,0
8000000,84-06-16,CAN,CAN,,212,2002,1,L,Nash,Rick,RW/LW,NYR,67,23,15,,2,38,9
4000000,90-06-07,CAN,CAN,75,210,2008,69,R,Stone,Michael,D,ARI/CGY,64,3,12,6,6,15,0
575000,90-05-18,USA,USA,70,184,2008,40,L,Ness,Aaron,D,WSH,2,,0,0,0,0,-1
1850000,90-07-18,SWE,SWE,72,180,,,R,Karlsson,Melker,C/RW,S.J,67,11,11,5,6,22,7
2500000,87-05-07,CAN,CAN,72,190,,,L,Schlemko,David,D,S.J,62,2,16,8,,18,4
740000,95-08-04,CAN,CAN,73,206,2013,69,R,Baptiste,Nicholas,RW,BUF,14,3,1,0,1,4,1
800000,91-03-17,RUS,RUS,75,200,,,L,Kalinin,Sergey,C/RW,N.J,43,2,2,2,0,4,
667500,96-03-13,CAN,CAN,70,166,2014,79,R,Point,Brayden,C,T.B,68,18,22,8,14,40,4
4000000,86-09-29,CAN,CAN,,204,2005,4,L,Pouliot,Benoit,LW,EDM,67,,6,5,1,14,-5
700000,91-07-17,CAN,CAN,72,189,2009,96,R,Vey,Linden,RW/C,CGY,4,0,0,0,0,0,-2
7000000,90-05-31,SWE,SWE,,191,2008,15,R,Karlsson,Erik,D,OTT,77,17,54,,29,71,10
5000000,91-06-03,FIN,FIN,70,183,,106,R,Vatanen,Sami,D,ANA,71,3,21,9,12,,3
9000000,87-10-02,USA,USA,72,202,2006,5,R,Kessel,Phil,RW/C,PIT,82,23,47,25,22,70,3
925000,95-12-30,RUS,RUS,74,190,2014,26,L,Scherbak,Nikita,RW,MTL,3,1,0,0,0,1,
4000000,93-03-01,SWE,SWE,,200,2011,42,L,Rask,Victor,C,CAR,82,16,29,11,18,45,-10
600000,95-04-10,DNK,DNK,72,175,2013,89,R,Bjorkstrand,Oliver,RW,CBJ,26,,7,4,3,13,4
725000,85-03-06,FRA,FRA,72,198,,,L,Bellemare,Pierre-Edouard,LW/C,PHI,82,4,4,,1,8,-1
925000,95-04-20,USA,USA,73,214,2013,33,L,Erne,Adam,LW,T.B,26,3,0,0,0,3,
792500,94-03-14,USA,USA,,201,,,L,Vatrano,Frank,C/LW,BOS,44,10,8,2,6,18,-3
832500,94-01-09,CZE,CZE,75,210,2012,13,L,Faksa,Radek,C,DAL,80,12,21,13,8,33,-6
2950000,87-01-23,EST,FIN,71,210,2006,180,L,Komarov,Leo,C/LW,TOR,82,14,18,11,7,32,6
4250000,93-06-17,RUS,RUS,,178,,58,L,Kucherov,Nikita,RW,T.B,74,40,45,28,17,85,
875000,94-11-09,USA,USA,76,203,2013,61,L,Sanford,Zach,LW,STL/WSH,39,4,4,,3,8,2
625000,93-01-04,CAN,CAN,69,191,2012,131,R,Griffith,Seth,C/RW,FLA/TOR,24,0,5,,1,5,6
575000,95-02-03,RUS,RUS,68,170,,,L,Tolchinsky,Sergey,LW,CAR,2,0,1,1,0,1,0
625000,88-09-24,USA,USA,71,192,2007,93,R,Kampfer,Steven,D,FLA/NYR,11,1,,1,0,2,
4000000,86-06-14,CAN,CAN,70,185,,,R,Read,Matt,RW/LW,PHI,63,10,9,7,2,19,3
2500000,91-10-15,USA,USA,75,206,2010,30,L,Nelson,Brock,C/LW,NYI,81,20,25,14,11,45,
675000,89-04-28,USA,USA,71,199,,,R,Glendening,Luke,C/RW/LW,DET,74,3,11,9,2,14,-10
900000,92-02-08,SWE,SWE,75,215,2010,41,L,Nemeth,Patrik,D,DAL,40,0,3,,1,,-4
1050000,91-04-24,SWE,SWE,72,184,2009,40,L,Lander,Anton,C/LW/RW,EDM,22,,3,1,2,4,2
1100000,92-01-30,CAN,CAN,,184,2010,45,L,Spooner,Ryan,C/LW,BOS,78,12,28,14,14,39,-8
925000,96-08-17,CAN,CAN,73,229,,6,R,Virtanen,Jake,RW,VAN,10,,1,0,1,,1
650000,92-05-01,USA,USA,71,188,2011,171,L,McCormick,Max,RW/LW/C,OTT,7,0,0,0,0,0,-3
3850000,91-05-24,CAN,CAN,,190,2009,85,L,Eakin,Cody,C,DAL,60,3,9,7,2,12,-7
9000000,84-07-28,USA,USA,71,196,2003,17,L,Parise,Zach,LW,MIN,69,,23,17,6,42,
925000,97-02-25,USA,USA,73,191,2015,23,R,Boeser,Brock,RW,VAN,9,4,1,1,0,5,0
700000,90-12-04,CAN,CAN,70,193,2009,147,L,Varone,Phil,C,OTT,7,0,0,0,0,0,-3
742500,93-03-26,FIN,FIN,74,195,,,L,Hannikainen,Markus,LW,CBJ,10,1,1,0,1,2,0
925000,94-11-30,AUT,SVK,71,212,2013,27,L,Dano,Marko,C/LW/RW,WPG,38,4,,3,,11,0
4250000,89-09-01,SWE,SWE,71,184,2008,121,L,Nyquist,Gustav,RW/C/LW,DET,76,12,36,22,14,48,0
667500,94-08-08,CZE,CZE,,176,2015,137,L,Simon,Dominik,C,PIT,2,0,1,1,0,,-1
8000000,84-05-01,USA,USA,75,221,2003,62,R,Backes,David,RW/C,BOS,74,17,21,12,9,38,2
635000,93-02-26,CAN,CAN,74,215,,,L,Goodrow,Barclay,RW/C,S.J,3,0,1,0,1,1,
3650000,89-10-06,CAN,CAN,69,175,2008,26,L,Ennis,Tyler,LW/C/RW,BUF,51,,8,5,3,13,-10
3750000,92-12-07,USA,CAN,,211,2011,8,L,Couturier,Sean,C,PHI,66,14,20,10,10,34,12
6075000,82-02-14,SVK,SVK,73,205,2000,3,L,Gaborik,Marian,RW,L.A,56,10,11,9,2,21,-4
950000,90-02-23,CAN,CAN,74,205,2009,83,L,Connauton,Kevin,D,ARI,24,0,1,1,0,1,-1
925000,96-09-13,SWE,SWE,74,202,2014,29,L,Kempe,Adrian,LW/C,L.A,25,2,4,3,1,6,-3
2750000,82-04-03,CAN,CAN,74,214,2000,194,R,Engelland,Deryk,D,CGY,81,4,12,6,6,,2
5000000,81-03-05,USA,USA,,200,2000,62,L,Martin,Paul,D,S.J,81,4,,5,17,26,10
5000000,87-11-12,CAN,CAN,72,191,2006,12,R,Little,Bryan,C/RW,WPG,59,21,,16,10,47,-7
11000000,89-05-13,CAN,CAN,72,210,,43,R,Subban,P.K.,D,NSH,66,10,30,13,17,40,-8
600000,93-04-27,CAN,CAN,77,212,2011,191,L,Graovac,Tyler,C,MIN,52,7,2,1,1,,
6000000,88-03-21,USA,USA,76,225,2006,1,R,Johnson,Erik,D,COL,46,2,15,7,8,17,-6
950000,91-02-22,CZE,CZE,75,200,2009,75,L,Nestrasil,Andrej,C/RW/LW,CAR,19,1,4,3,1,5,
775000,92-06-16,USA,USA,73,212,,29,L,Etem,Emerson,LW/RW,ANA,3,0,0,0,0,0,1
1700000,92-10-05,CHE,CHE,,192,2011,13,L,Baertschi,Sven,LW,VAN,68,,17,8,,35,-6
1025000,84-02-17,USA,USA,74,183,2003,186,L,Miller,Drew,LW/RW,DET,55,5,2,1,1,7,-12
925000,95-12-05,CAN,CAN,74,232,2014,10,L,Ritchie,Nick,LW,ANA,77,14,,8,6,28,4
5400000,83-03-12,FIN,FIN,75,215,2001,6,L,Koivu,Mikko,C,MIN,80,18,40,14,26,58,27
7875000,84-08-31,USA,USA,74,202,2003,23,R,Kesler,Ryan,C/RW,ANA,82,22,36,23,13,,8
842500,92-12-12,USA,USA,,160,,,R,Czarnik,Austin,C,BOS,49,5,8,,3,13,-10
2000000,84-01-04,CZE,CZE,70,190,2002,58,L,Hudler,Jiri,RW/LW,DAL,32,3,8,5,3,11,-3
2570000,91-07-23,RUS,RUS,71,212,,55,L,Orlov,Dmitry,D,WSH,82,,27,19,8,33,30
575000,87-01-07,CAN,CAN,72,205,2005,95,R,Bass,Cody,C,NSH,9,0,0,0,0,,-1
1300000,94-05-16,RUS,RUS,75,209,,12,L,Grigorenko,Mikhail,C,COL,75,10,13,8,5,23,-14
4000000,89-08-14,CAN,CAN,73,190,2007,3,R,Turris,Kyle,C,OTT,78,27,28,21,7,,-3
925000,97-07-19,USA,USA,74,218,2015,8,L,Werenski,Zach,D,CBJ,78,11,36,15,21,47,17
600000,93-02-22,CAN,CAN,74,214,2011,18,R,McNeill,Mark,C/RW,DAL,1,0,0,0,0,0,
10000000,89-08-15,CZE,CZE,74,214,2007,7,L,Voracek,Jakub,RW,PHI,82,,41,26,15,61,-24
925000,97-01-02,SWE,SWE,76,191,2015,29,L,Carlsson,Gabriel,D,CBJ,2,0,,0,1,1,-2
3000000,83-12-19,CAN,CAN,73,195,2002,57,L,Stajan,Matt,C,CGY,81,,17,10,7,23,3
832500,94-10-13,CAN,CAN,70,181,2013,24,L,Shinkaruk,Hunter,C/LW,CGY,7,0,1,0,1,1,
925000,94-01-21,USA,USA,71,171,,,L,Molino,Griffen,C,VAN,5,0,0,0,0,0,-2
900000,89-05-09,CAN,CAN,73,200,2007,21,R,Nash,Riley,C/RW,BOS,81,7,10,8,2,,-1
750000,91-07-24,USA,USA,74,188,,,R,van Riemsdyk,Trevor,D,CHI,58,5,11,5,6,16,17
832500,95-02-09,AUT,SWE,75,205,2013,23,L,Burakovsky,Andre,LW/C,WSH,64,12,,9,14,35,13
925000,94-09-19,USA,USA,72,200,,,L,Kapla,Michael,D,N.J,5,0,0,0,0,0,-1
1250000,84-06-26,CAN,CAN,74,210,,,L,McLeod,Cody,LW/RW,COL/NSH,59,5,1,0,1,,-3
625000,93-03-12,CAN,CAN,74,207,2011,57,L,Wotherspoon,Tyler,D,CGY,4,0,0,0,0,0,-2
900000,80-11-11,CAN,CAN,,190,1999,94,L,Kelly,Chris,C/LW,OTT,82,,7,6,1,12,
5000000,89-06-13,USA,USA,,216,,12,L,McDonagh,Ryan,D,NYR,77,6,36,22,14,42,20
4500000,91-02-01,USA,USA,,185,2009,26,R,Palmieri,Kyle,RW/C/LW,N.J,80,26,27,13,14,,2
2900000,91-05-09,CAN,CAN,73,197,2009,12,L,de Haan,Calvin,D,NYI,82,5,,11,9,25,15
575000,88-11-30,USA,USA,73,200,,,R,Thompson,Paul,RW,FLA,21,,3,1,2,3,-4
640000,93-01-07,CAN,CAN,73,184,,,R,Mitchell,Zack,RW,MIN,11,0,0,0,0,0,-1
5000000,77-03-18,SVK,SVK,81,250,1996,56,L,Chara,Zdeno,D,BOS,75,9,19,11,9,,18
5000000,82-04-18,CAN,CAN,74,215,2000,6,L,Hartnell,Scott,LW,CBJ,78,13,24,15,9,37,14
575000,87-11-21,CAN,CAN,71,180,,,L,Stollery,Karl,D,N.J,11,0,3,0,3,3,
3100000,87-06-14,CAN,CAN,70,184,2005,25,L,Cogliano,Andrew,LW/C/RW,ANA,82,16,,10,9,35,11
8000000,88-06-07,CAN,CAN,75,236,2006,50,L,Lucic,Milan,LW,EDM,82,,27,19,8,50,-3
6000000,89-03-28,CAN,CAN,73,200,2007,9,L,Couture,Logan,C/LW,S.J,73,25,27,21,6,52,11
925000,97-07-26,FIN,FIN,71,172,2015,35,L,Aho,Sebastian,RW/LW,CAR,82,24,25,12,13,,-1
3500000,92-09-08,CHE,CHE,74,211,2010,5,L,Niederreiter,Nino,RW,MIN,82,25,32,25,7,57,17
575000,92-05-31,CAN,CAN,71,198,,71,L,Bournival,Michael,LW,T.B,19,2,1,0,1,3,
6000000,91-08-02,CAN,CAN,74,211,2009,4,L,Kane,Evander,LW,BUF,70,28,,8,7,43,-17
3000000,94-01-20,SWE,SWE,75,205,,6,L,Lindholm,Hampus,D,ANA,66,6,14,5,9,,13
725000,93-03-28,RUS,RUS,71,191,2011,148,L,Nesterov,Nikita,D,MTL/T.B,48,4,13,,4,17,0
667500,95-02-24,CAN,CAN,72,198,2013,58,L,Bertuzzi,Tyler,LW,DET,7,0,0,0,0,0,-1
4250000,89-11-29,CAN,CAN,69,164,2008,156,R,Spurgeon,Jared,D,MIN,76,10,,16,12,38,33
600000,93-02-25,CZE,CZE,72,203,2011,158,L,Sedlak,Lukas,C/LW,CBJ,62,7,6,3,3,13,10
925000,94-06-20,CAN,CAN,70,185,,,L,Caggiula,Drake,LW/C,EDM,60,7,11,6,5,,3
800000,82-08-19,CAN,CAN,72,193,2000,25,L,Ott,Steve,C/LW,DET/MTL,53,3,4,2,2,7,-8
10000000,85-09-17,RUS,RUS,75,239,2004,1,R,Ovechkin,Alex,LW/RW,WSH,82,33,,20,16,69,6
700000,86-09-30,CAN,CAN,,193,2005,150,L,O'Reilly,Cal,C,BUF,11,0,1,1,0,1,-6
5000000,87-01-21,CAN,CAN,72,196,2005,132,L,Helm,Darren,C,DET,50,,9,3,,17,-6
840000,93-07-20,CAN,CAN,70,188,2011,68,L,Cousins,Nick,C/LW,PHI,60,6,10,5,5,16,-6
600000,88-08-24,CAN,CAN,69,187,,,L,Hunt,Brad,D,NSH/STL,12,1,5,2,3,6,-1
925000,93-04-20,USA,USA,,180,2012,78,L,Gostisbehere,Shayne,D,PHI,76,7,32,17,15,,-21
660000,92-10-05,CAN,CAN,75,202,2011,76,R,Shaw,Logan,C/RW,ANA,55,3,7,4,3,10,3
2075000,91-12-07,CAN,CAN,,226,2010,21,L,Sheahan,Riley,C,DET,80,2,11,5,6,13,
7000000,85-12-27,CAN,USA,72,202,2005,44,L,Stastny,Paul,C,STL,66,18,22,16,6,40,4
5800000,86-08-31,USA,USA,77,225,2004,5,R,Wheeler,Blake,RW,WPG,82,26,,33,15,74,6
1150000,94-01-05,LVA,LVA,74,200,2012,14,L,Girgensons,Zemgus,C/LW,BUF,75,,9,8,1,16,-7
925000,96-07-30,USA,USA,73,190,2014,15,L,Larkin,Dylan,C/LW,DET,80,17,15,7,8,32,
925000,92-09-06,USA,USA,74,201,2012,181,R,Ladue,Paul,D,L.A,22,0,8,2,6,,-5
5500000,81-01-12,SWE,SWE,72,194,2000,29,L,Kronwall,Niklas,D,DET,57,2,,5,6,13,-7
2800000,93-11-12,CZE,CZE,74,215,2012,17,L,Hertl,Tomas,C/RW,S.J,49,10,12,7,5,22,
4350000,85-10-30,USA,USA,74,214,2004,13,R,Stafford,Drew,RW/LW,BOS/WPG,58,8,13,9,4,21,
925000,95-08-05,USA,USA,75,217,2013,31,L,McCoshen,Ian,D,FLA,3,0,1,0,1,1,0
3275000,80-12-02,CAN,CAN,73,225,,,R,Ward,Joel,RW/C,S.J,78,10,19,8,11,,-2
1200000,87-10-30,CAN,CAN,74,239,2006,18,R,Stewart,Chris,RW/LW,MIN,79,13,8,4,4,21,3
1300000,81-06-11,CAN,CAN,71,181,1999,128,L,MacKenzie,Derek,C/LW,FLA,82,6,10,7,3,16,-7
1300000,92-01-02,RUS,RUS,75,210,2011,205,R,Marchenko,Alexey,D,DET/TOR,41,1,,1,6,8,7
650000,81-12-10,CAN,CAN,74,217,,,L,Bourque,Rene,RW/LW,COL,65,12,6,3,3,18,-19
5000000,93-03-15,CAN,CAN,75,207,2011,7,R,Scheifele,Mark,C,WPG,79,32,50,26,,,18
692500,91-11-28,USA,USA,71,200,2011,75,L,Coleman,Blake,C/LW,N.J,23,1,1,1,0,2,-7
832500,95-03-21,CHE,CHE,75,210,2013,18,L,Mueller,Mirco,D,S.J,4,1,,0,,2,2
775000,87-04-27,CAN,USA,72,191,,36,L,Chorney,Taylor,D,WSH,18,1,4,1,3,5,8
4250000,90-12-18,SWE,SWE,78,223,,2,L,Hedman,Victor,D,T.B,79,16,,34,22,,3
925000,95-03-07,USA,USA,74,207,2013,42,R,Santini,Steven,D,N.J,38,2,5,2,3,7,-6
925000,94-01-11,USA,USA,74,191,2012,36,L,Kerdiles,Nicolas,LW,ANA,1,0,0,0,0,,1
1000000,83-11-29,CAN,CAN,73,213,2003,265,L,Glass,Tanner,LW,NYR,11,1,1,0,1,2,0
692500,94-06-01,CAN,CAN,,205,,,L,Renouf,Dan,D,DET,1,0,,0,0,0,0
900000,92-10-29,CAN,CAN,73,196,2012,151,R,Miller,Colin,D,BOS,61,6,7,4,3,13,0
575000,93-05-26,CAN,CAN,74,205,2011,86,R,Leivo,Josh,LW,TOR,13,2,8,6,,10,
667500,94-10-06,USA,USA,,180,2013,77,L,Guentzel,Jake,C/LW,PIT,40,16,17,14,3,33,7
4000000,90-03-07,USA,USA,75,192,,,L,DeKeyser,Danny,D,DET,82,4,8,6,2,12,
650000,93-02-05,CAN,CAN,,195,2011,32,R,Rattie,Ty,RW,CAR/STL,9,0,,2,0,2,-2
1200000,92-03-03,CAN,CAN,76,206,2010,36,R,Petrovic,Alex,D,FLA,49,1,13,5,8,,-1
667500,92-03-06,USA,USA,76,212,2010,148,L,Gravel,Kevin,D,L.A,49,,6,3,3,7,3
667500,97-07-29,CAN,CAN,73,186,2015,51,L,Guhle,Brendan,D,BUF,3,0,0,0,,0,1
6000000,83-07-16,CAN,CAN,73,192,2002,54,L,Keith,Duncan,D,CHI,80,6,47,19,28,53,22
925000,96-07-22,CHE,CHE,70,193,2014,11,L,Fiala,Kevin,LW,NSH,54,11,5,3,2,,1
600000,86-12-29,USA,USA,71,170,,,R,Ryan,Derek,C,CAR,67,11,,9,9,29,-8
800000,87-02-14,CAN,CAN,71,185,2005,107,L,Pyatt,Tom,LW/C,OTT,82,9,14,9,5,23,9
4500000,92-05-06,CAN,CAN,69,182,2010,147,R,Gallagher,Brendan,RW,MTL,64,10,19,11,8,,7
925000,95-03-10,USA,USA,69,188,2013,121,L,Motte,Tyler,LW/C,CHI,33,4,3,3,0,7,2
900000,98-07-29,USA,USA,70,168,2016,7,L,Keller,Clayton,C/LW,ARI,3,0,,1,1,2,-3
675000,90-04-23,USA,USA,74,205,,,R,Tennyson,Matt,D,CAR,45,0,6,5,1,6,-13
6000000,92-05-16,CAN,CAN,71,200,2010,7,L,Skinner,Jeff,LW/C/RW,CAR,79,37,26,19,7,,-3
600000,87-02-13,CAN,CAN,71,199,,,L,Street,Ben,C,DET,6,0,1,1,0,1,1
1000000,86-07-28,FIN,FIN,73,193,2004,19,L,Korpikoski,Lauri,LW/RW,CBJ/DAL,69,8,12,9,,20,5
4000000,77-12-11,CHE,CHE,71,191,2004,262,L,Streit,Mark,D,PHI/PIT,68,6,21,6,15,27,-12
792500,94-01-30,DEU,USA,69,180,2012,138,R,O'Regan,Daniel,C/LW,S.J,3,1,,0,0,1,-2
1700000,91-09-25,SWE,SWE,71,186,2010,51,R,Jarnkrok,Calle,C,NSH,81,15,16,7,9,31,-1
600000,88-01-04,USA,USA,73,206,2006,65,L,Strait,Brian,D,WPG,5,0,2,,0,2,-1
4000000,91-12-05,CAN,USA,73,207,2010,12,L,Fowler,Cam,D,ANA,80,,28,12,16,39,7
3667000,88-08-23,SWE,SWE,,186,,168,L,Hagelin,Carl,LW,PIT,61,6,16,8,8,22,
832500,95-03-28,CAN,CAN,,188,2013,3,L,Drouin,Jonathan,LW,T.B,73,21,32,17,15,53,
3000000,93-07-20,SWE,SWE,,220,2011,19,L,Klefbom,Oscar,D,EDM,82,12,26,15,11,38,7
5400000,94-10-03,USA,USA,76,220,2013,4,R,Jones,Seth,D,CBJ,75,12,,13,17,42,6
5000000,91-04-30,USA,USA,,228,2009,19,L,Kreider,Chris,LW/C,NYR,75,28,25,18,7,53,6
1650000,91-05-08,CAN,CAN,76,215,2009,54,L,Gelinas,Eric,D,COL,27,0,1,,1,1,-4
792500,94-11-15,USA,USA,75,200,2013,66,R,Pesce,Brett,D,CAR,82,2,18,7,11,20,
925000,95-04-30,USA,USA,72,190,2013,159,L,Malone,Sean,C,BUF,1,0,0,0,0,0,0
3500000,86-09-14,CAN,CAN,67,176,,,L,Desharnais,David,C,EDM/MTL,49,,8,3,,14,4
4000000,89-10-20,USA,USA,73,221,2008,7,L,Wilson,Colin,LW/C,NSH,70,,23,17,6,35,7
2600000,92-05-08,USA,USA,77,215,,24,L,Hayes,Kevin,C/RW,NYR,76,17,,18,14,49,10
3500000,87-02-20,CZE,CZE,,226,2005,17,L,Hanzal,Martin,C,ARI/MIN,71,20,19,12,7,,-17
925000,95-10-24,USA,USA,71,183,2014,19,R,Deangelo,Anthony,D,ARI,39,5,,4,5,14,-13
575000,93-04-06,CAN,CAN,72,192,2012,71,L,Richard,Tanner,C,T.B,3,0,0,0,0,0,-2
620000,92-05-11,USA,USA,,192,2010,80,R,Rust,Bryan,RW,PIT,57,15,13,9,4,,4
2500000,87-11-15,USA,USA,74,210,,,R,Miller,Kevan,D,BOS,58,3,10,,6,13,1
3800000,89-11-24,CAN,CAN,,180,2009,130,L,Hoffman,Mike,LW/C,OTT,74,26,35,,11,61,17
792500,89-07-27,FRA,FRA,71,191,,,L,Auvitu,Yohann,D/LW,N.J,25,2,2,1,1,4,1
575000,89-02-20,CAN,CAN,71,174,2007,164,R,Didomenico,Chris,C/RW,OTT,3,0,,0,0,0,0
575000,93-11-05,CAN,CAN,73,200,2012,50,R,Sissons,Colton,C,NSH,58,8,2,2,0,10,11
742500,95-12-14,RUS,RUS,,180,2014,33,L,Barbashev,Ivan,C,STL,30,5,,4,3,12,5
5750000,89-07-18,CAN,CAN,74,210,2007,129,L,Benn,Jamie,LW,DAL,77,26,43,26,17,69,
800000,81-05-12,CAN,CAN,72,200,,,L,Kearns,Bracken,C,NYI,2,0,0,0,0,0,-1
675000,93-02-20,USA,USA,71,200,2011,129,L,Pietila,Blake,LW/C,N.J,10,0,1,1,0,1,-5
4050000,90-07-04,USA,USA,74,200,2008,17,L,Gardiner,Jake,D,TOR,82,9,34,14,20,43,
742500,93-10-14,RUS,RUS,,190,,,L,Soshnikov,Nikita,RW,TOR,56,5,4,,1,9,1
575000,94-05-22,CAN,CAN,74,203,,,L,McEneny,Evan,D,VAN,1,0,0,0,0,0,-1
2600000,88-04-12,USA,USA,,200,2008,177,R,Wingels,Tommy,C/RW/LW,OTT/S.J,73,7,,4,1,12,-11
800000,92-12-09,CAN,CAN,72,199,2011,23,L,Morrow,Joe,D,BOS,17,0,1,1,0,1,-4
832500,94-02-18,CAN,CAN,74,193,2012,10,L,Koekkoek,Slater,D,T.B,29,0,4,2,2,4,
925000,98-05-07,SWE,FIN,76,203,2016,4,R,Puljujarvi,Jesse,RW,EDM,28,1,7,7,0,8,5
4400000,87-12-23,FIN,FIN,74,212,2008,65,L,Lehtera,Jori,C,STL,64,7,15,7,8,,-6
2400000,93-03-26,USA,USA,76,212,2011,20,R,Murphy,Connor,D,ARI,77,2,15,7,8,17,-13
5000000,83-11-01,CAN,CAN,73,200,2003,263,L,Moulson,Matt,LW,BUF,81,14,,9,9,32,-4
2500000,91-01-03,CAN,CAN,70,180,2009,11,R,Ellis,Ryan,D,NSH,71,16,22,13,9,,17
600000,89-04-07,CAN,CAN,70,195,2007,132,L,Terry,Chris,LW/RW,MTL,14,2,2,1,1,4,-1
600000,90-07-14,CAN,CAN,73,197,,,R,Jooris,Josh,RW/C,ARI/NYR,54,4,,3,5,12,-2
1250000,80-05-09,CAN,CAN,71,205,,,L,Fiddler,Vernon,C/LW,N.J/NSH,59,2,2,1,1,4,-15
925000,95-07-04,CAN,CAN,74,205,2013,29,L,Dickinson,Jason,C,DAL,10,2,0,0,0,2,-3
1750000,82-07-20,CAN,CAN,73,198,2000,55,L,Vermette,Antoine,C/LW,ANA,72,9,,10,9,28,
575000,88-07-26,USA,USA,,208,2008,184,R,Redmond,Zach,D,MTL,16,0,5,1,4,5,6
2000000,85-08-12,CAN,CAN,72,195,,,L,Garbutt,Ryan,C/LW,ANA,27,2,1,0,1,3,
650000,92-04-18,USA,USA,,230,2010,60,R,Johns,Stephen,D,DAL,61,4,6,2,4,10,-10
3500000,89-05-08,CAN,CAN,75,220,2008,148,L,Martin,Matt,LW/RW,TOR,82,5,4,2,,9,0
2000000,87-01-08,USA,USA,73,201,2006,17,R,Lewis,Trevor,C/RW/LW,L.A,82,12,12,8,4,24,-6
1200000,85-05-21,USA,USA,71,200,2004,224,L,Hunwick,Matt,D,TOR,72,1,,9,9,19,8
3550000,79-09-26,CAN,CAN,,195,,,L,Kunitz,Chris,LW,PIT,71,9,20,11,9,,0
832500,94-05-30,CAN,CAN,73,190,2012,20,L,Laughton,Scott,C/LW,PHI,2,0,0,0,0,0,0
767500,95-07-05,CAN,CAN,73,185,2014,116,L,Heinen,Danton,C,BOS,8,0,0,0,0,0,-3
875000,93-07-01,CAN,CAN,,215,,44,R,Ritchie,Brett,RW,DAL,78,16,,4,4,24,
6000000,92-07-31,CAN,CAN,75,218,2010,4,R,Johansen,Ryan,C/RW,NSH,82,14,47,28,19,61,1
6750000,79-07-02,CAN,CAN,76,220,1997,1,L,Thornton,Joe,C,S.J,79,,43,18,25,50,7
792500,96-02-02,USA,USA,72,187,2014,58,L,Dvorak,Christian,C/LW,ARI,78,15,18,10,8,33,7
2700000,83-10-09,CAN,CAN,,195,2002,43,L,Daley,Trevor,D,PIT,56,5,14,6,8,,7
575000,92-01-13,USA,USA,76,204,2010,18,R,Watson,Austin,LW,NSH,77,5,12,9,3,17,14
4750000,86-09-07,CAN,CAN,73,204,,160,L,MacDonald,Andrew,D,PHI,73,2,16,12,4,,-5
575000,90-07-15,USA,USA,73,210,2010,168,L,Bitetto,Anthony,D,NSH,29,0,,3,4,7,-1
575000,86-03-12,USA,USA,71,191,2004,119,L,Porter,Kevin,C,PIT,2,0,0,0,0,0,-1
832500,95-04-26,CAN,CAN,,235,2013,21,L,Gauthier,Frederik,C,TOR,21,2,1,0,1,3,2
6000000,92-01-31,CAN,CAN,73,200,2010,2,R,Seguin,Tyler,C/RW,DAL,82,26,,27,19,72,-15
2825000,93-09-27,CAN,CAN,73,211,2012,2,L,Murray,Ryan,D,CBJ,60,2,9,5,4,11,3
3600000,90-01-30,ITA,CHE,74,209,2008,19,L,Sbisa,Luca,D,VAN,82,2,11,4,7,13,
600000,91-06-08,CAN,CAN,,193,,,L,Hanley,Joel,D,MTL,7,0,0,0,0,0,-3
600000,78-09-03,CZE,CZE,73,210,1996,105,R,Rozsival,Michal,D,CHI,22,1,2,2,0,3,-3
7000000,84-01-19,CAN,CAN,74,227,2002,61,R,Boychuk,Johnny,D,NYI,66,6,17,10,7,,11
874125,93-04-04,CAN,CAN,75,205,,,L,Gaudet,Tyler,C,ARI,4,0,1,1,0,1,0
1000000,89-06-23,CAN,CAN,,219,2009,186,L,Nolan,Jordan,C/LW/RW,L.A,46,,4,2,2,8,-3
925000,96-10-28,USA,USA,74,196,2015,2,R,Eichel,Jack,C,BUF,61,24,33,19,14,,-13
1100000,89-07-12,CAN,CAN,73,216,,139,L,Borowiecki,Mark,D,OTT,70,1,2,2,0,3,-3
925000,97-03-07,CAN,CAN,,185,2015,3,L,Strome,Dylan,C,ARI,7,0,1,1,0,,-5
600000,85-07-15,CAN,CAN,75,220,2004,279,R,Cracknell,Adam,RW/C,DAL,69,10,6,3,3,16,9
4000000,89-02-21,CAN,CAN,75,216,2007,141,L,Muzzin,Jake,D,L.A,82,9,19,9,10,28,
1800000,85-03-06,CAN,CAN,74,206,,265,L,Winnik,Daniel,LW/C,WSH,72,12,13,10,3,25,15
650000,93-10-05,CZE,CZE,,194,2012,49,R,Frk,Martin,RW,CAR,2,0,0,0,0,0,
4100000,87-06-06,SWE,SWE,75,197,2005,108,L,Hjalmarsson,Niklas,D,CHI,73,5,13,7,6,18,12
742500,94-01-23,USA,USA,75,219,2012,59,L,Nieves,Cristoval,C/LW,NYR,1,0,0,,0,0,-1
1500000,91-01-24,CAN,CAN,75,207,2009,13,R,Kassian,Zack,RW,EDM,79,7,17,8,9,24,
4250000,78-12-20,RUS,RUS,72,200,1998,162,L,Markov,Andrei,D,MTL,62,6,30,21,9,36,18
832500,95-04-05,CAN,CAN,,223,2013,9,L,Horvat,Bo,C,VAN,81,20,,22,10,52,-7
575000,88-09-24,USA,USA,73,198,2007,135,L,Carey,Paul,C,WSH,6,0,0,0,0,0,-2
600000,90-08-26,USA,USA,73,200,,,L,Schneider,Cole,LW/RW,BUF,4,0,,1,0,1,2
925000,92-12-10,USA,USA,78,225,2012,210,L,Megna,Jaycob,D,ANA,1,0,0,0,0,0,1
725000,96-12-14,CAN,CAN,75,204,2015,39,L,Greer,A.J.,LW,COL,5,0,1,0,1,1,-2
4000000,83-08-13,CZE,CZE,,185,2001,13,R,Hemsky,Ales,RW,DAL,15,4,,3,0,7,-1
650000,89-02-01,USA,USA,71,193,,,R,Harper,Shane,RW,FLA,14,2,1,1,0,3,-1
645000,93-09-23,FIN,FIN,75,198,2012,176,L,Lindbohm,Petteri,D,STL,7,0,0,0,0,0,-4
800000,92-04-20,CAN,CAN,77,236,2010,10,R,McIlrath,Dylan,D,FLA/NYR,6,1,0,0,0,1,
4500000,95-09-02,FIN,FIN,75,213,2013,2,L,Barkov,Aleksander,C,FLA,61,21,31,21,10,,13
4500000,86-03-19,CAN,CAN,,195,,,R,Bozak,Tyler,C,TOR,78,18,37,24,13,55,-1
2500000,84-02-20,USA,USA,73,206,,,R,Lovejoy,Ben,D,N.J,82,,6,4,2,7,-7
2250000,89-02-08,CAN,CAN,72,189,2007,4,L,Hickey,Thomas,D,NYI,76,4,16,5,11,20,
575000,90-03-19,CAN,CAN,73,210,2008,50,L,Gaunce,Cameron,D,PIT,12,1,3,3,0,4,1
2500000,83-05-13,USA,USA,75,236,2002,44,R,Greene,Matt,D,L.A,26,1,1,0,1,2,3
817500,97-04-15,USA,USA,74,214,2015,32,R,Fischer,Christian,RW,ARI,7,3,0,0,0,3,
575000,88-09-23,CHE,CHE,71,200,2007,73,R,Weber,Yannick,D,NSH,73,1,7,5,2,8,1
575000,89-05-10,CAN,CAN,,200,,,R,Rowney,Carter,RW/C,PIT,27,3,4,,1,7,2
2500000,81-03-24,USA,USA,75,210,2000,13,L,Hainsey,Ron,D,CAR/PIT,72,4,13,8,5,17,-8
800000,90-03-23,CAN,CAN,73,207,2008,152,L,Barberio,Mark,D,COL/MTL,60,2,,6,5,13,-5
925000,94-04-11,CAN,CAN,,192,2014,55,R,Montour,Brandon,D,ANA,27,2,4,2,2,,11
3900000,84-08-14,CAN,CAN,73,204,,,L,Gorges,Josh,D,BUF,66,1,5,,2,,-3
575000,85-02-08,CAN,CAN,73,195,,,L,Smith,Trevor,C/RW,NSH,1,0,0,0,,0,0
7500000,85-04-10,CAN,CAN,,219,2003,9,L,Phaneuf,Dion,D,OTT,81,9,21,,11,30,-6
575000,87-09-01,CAN,CAN,71,180,,,L,Zolnierczyk,Harry,LW,NSH,24,2,2,2,0,4,-2
4000000,79-01-12,SVK,SVK,73,207,1997,12,L,Hossa,Marian,RW,CHI,73,26,,11,8,45,7
5600000,83-09-27,CAN,CAN,76,221,2002,3,L,Bouwmeester,Jay,D,STL,81,1,14,7,7,15,6
925000,98-06-25,RUS,RUS,75,215,2016,9,L,Sergachev,Mikhail,D,MTL,4,0,0,,0,,1
3200000,82-12-23,CZE,CZE,74,210,,,R,Michalek,Zbynek,D,ARI,3,0,0,0,0,0,1
650000,86-05-07,USA,USA,,201,,,R,Prosser,Nate,D,MIN,39,2,5,2,3,7,0
2100000,88-04-20,USA,USA,73,196,2007,173,L,Bonino,Nick,C,PIT,80,18,19,12,7,37,-5
4500000,90-10-29,RUS,RUS,73,204,2009,14,L,Kulikov,Dmitry,D,BUF,47,2,3,1,2,5,
3250000,81-10-04,CAN,CAN,,188,2000,28,R,Williams,Justin,RW,WSH,80,24,,8,16,48,14
1100000,83-03-02,CAN,CAN,73,205,2001,57,L,McClement,Jay,C,CAR,65,5,3,2,1,8,-8
575000,89-12-14,CAN,CAN,68,180,,,L,Conacher,Cory,C/LW,T.B,11,1,3,3,0,4,0
2750000,88-08-05,CAN,CAN,74,206,2008,111,R,Weise,Dale,RW,PHI,64,8,,4,3,,1
775000,91-02-22,CAN,CAN,73,216,2009,84,L,Deslauriers,Nicolas,LW,BUF,42,0,2,2,0,2,-6
715000,94-07-18,CAN,CAN,72,200,2012,162,L,Blandisi,Joseph,LW/C,N.J,27,3,6,4,,9,-10
875000,93-05-31,FIN,FIN,75,205,2011,16,R,Armia,Joel,RW,WPG,57,10,9,6,3,19,-8
2200000,89-12-24,CAN,CAN,71,188,2008,127,L,Calvert,Matt,LW,CBJ,65,,5,2,3,15,
1000000,92-12-05,CAN,CAN,74,205,2011,17,L,Beaulieu,Nathan,D,MTL,74,4,24,14,10,28,8
1300000,91-01-14,CAN,CAN,,200,2009,15,L,Holland,Peter,C,ARI/TOR,48,5,7,3,4,12,
1100000,87-07-26,CAN,CAN,,200,,,L,Benn,Jordie,D,DAL/MTL,71,4,13,7,6,,-4
4875000,90-08-16,CAN,CAN,,205,2008,53,R,Hamonic,Travis,D,NYI,49,,11,6,5,14,-21
925000,95-07-28,USA,USA,74,209,2013,118,R,Fasching,Hudson,RW,BUF,10,0,1,1,0,1,-1
3200000,92-02-26,FIN,FIN,70,184,2010,9,L,Granlund,Mikael,C,MIN,81,26,43,31,12,69,
925000,93-04-20,CAN,CAN,74,207,,147,L,Hutton,Ben,D,VAN,71,5,14,6,,19,-22
2600000,84-01-19,AUT,AUT,74,214,2003,5,R,Vanek,Thomas,LW/RW,DET/FLA,68,17,31,21,10,48,-5
2300000,89-02-21,USA,USA,73,219,2007,18,L,Cole,Ian,D,PIT,81,5,21,11,10,26,
900000,80-08-03,CAN,CAN,72,192,2000,95,L,Moore,Dominic,C/LW,BOS,82,11,,7,7,25,2
925000,91-10-29,RUS,RUS,74,195,,,R,Zaitsev,Nikita,D,TOR,82,4,32,13,,36,-22
1250000,85-08-12,CAN,CAN,74,216,2003,132,L,Quincey,Kyle,D,CBJ/N.J,73,6,9,5,4,15,
675000,88-07-11,USA,USA,71,198,2008,169,R,Smith,Ben,RW/C,COL/TOR,40,2,2,1,1,4,-7
635000,93-01-16,CAN,CAN,,205,2012,96,L,Thomson,Ben,LW,N.J,3,0,0,0,,0,-4
632500,92-08-18,USA,USA,,205,,,L,Zalewski,Michael,LW/C,VAN,1,0,0,0,,0,-1
575000,92-03-25,HRV,HRV,74,200,,,R,Rendulic,Borna,RW/C,VAN,1,0,0,,0,0,0
575000,86-02-04,USA,USA,72,190,,,R,Oleksy,Steve,D,PIT,11,0,1,0,1,1,2
792500,94-06-06,FIN,FIN,73,186,2015,189,L,Nutivaara,Markus,D,CBJ,66,2,5,,4,7,7
4300000,88-08-26,CAN,CAN,74,185,2007,61,R,Simmonds,Wayne,RW/LW,PHI,82,31,,13,10,54,-18
2000000,80-11-25,USA,USA,70,185,2000,159,L,Liles,John-Michael,D,BOS,36,0,5,3,2,5,1
832500,94-01-16,CAN,CAN,,208,2012,8,L,Pouliot,Derrick,D,PIT,11,0,0,0,0,0,-4
4000000,81-06-16,CAN,CAN,73,200,2001,151,R,Bieksa,Kevin,D,ANA,81,3,11,2,9,14,0
8750000,85-07-24,CAN,CAN,73,195,2003,45,R,Bergeron,Patrice,C,BOS,79,21,,21,11,,12
5500000,88-06-09,CAN,CAN,73,200,2008,186,R,Demers,Jason,D,FLA,81,9,19,9,10,28,-14
1125000,87-01-20,CAN,CAN,,225,2005,156,R,Reaves,Ryan,RW,STL,80,7,6,5,1,13,4
1050000,89-03-18,CAN,CAN,76,221,2007,78,R,Bortuzzo,Robert,D,STL,38,1,3,2,1,4,
700000,92-11-24,SWE,SWE,73,200,2011,126,L,Claesson,Fredrik,D,OTT,33,3,8,3,5,11,5
5250000,90-07-15,USA,USA,75,228,2008,3,R,Bogosian,Zach,D,BUF,56,2,9,,5,11,-17
5000000,95-09-01,CAN,CAN,,205,2013,1,R,MacKinnon,Nathan,C/RW,COL,82,16,,25,12,53,-14
625000,91-05-27,USA,USA,72,195,2010,122,R,Wagner,Chris,C/RW,ANA,43,6,1,1,0,7,2
4500000,80-06-04,CAN,CAN,73,208,1998,75,L,Beauchemin,Francois,D,COL,81,5,,8,5,18,
950000,88-04-14,CAN,CAN,76,225,2006,68,R,Gryba,Eric,D,EDM,40,2,4,3,1,,-5
1100000,92-11-11,CAN,CAN,,180,2011,96,R,Pageau,Jean-Gabriel,C,OTT,82,12,21,10,11,33,13
595000,93-05-01,CAN,CAN,72,179,,,R,Gaudreau,Frederick,C,NSH,9,0,1,0,1,1,1
4500000,85-08-17,CAN,CAN,75,215,2004,214,R,Brouwer,Troy,RW,CGY,74,13,12,5,7,25,-11
1250000,83-03-24,CAN,CAN,72,200,2001,264,R,Parenteau,PA,RW,N.J/NSH,67,13,15,8,7,28,-18
692500,95-07-01,USA,USA,75,214,2013,52,R,Bailey,Justin,RW,BUF,32,2,2,1,1,4,0
925000,94-08-16,CAN,CAN,,210,,65,L,Pelech,Adam,D,NYI,44,3,7,1,6,,-5
4838000,90-06-07,CAN,CAN,73,182,2008,114,L,Brodie,T.J.,D,CGY,82,6,30,,16,36,-16
750000,90-12-27,CAN,CAN,69,174,,,R,Marchessault,Jonathan,C,FLA,75,30,21,10,11,51,-21
5200000,89-12-16,DNK,DNK,72,210,2008,8,L,Boedker,Mikkel,LW/RW,S.J,81,10,16,10,6,26,0
600000,93-02-12,USA,USA,73,205,2011,21,R,Noesen,Stefan,RW,ANA/N.J,44,8,2,1,1,10,6
925000,94-07-08,USA,USA,,206,2013,104,L,Copp,Andrew,C,WPG,64,9,8,6,,17,8
4750000,87-01-01,SWE,SWE,71,189,2005,230,R,Hornqvist,Patric,RW,PIT,70,21,23,15,8,44,16
650000,94-01-14,CAN,CAN,,185,2012,156,R,Brown,Connor,RW,TOR,82,20,,10,6,36,3
4500000,90-02-06,CAN,CAN,72,195,2008,82,L,Henrique,Adam,C,N.J,82,20,20,13,7,40,-20
800000,94-02-02,CAN,CAN,72,185,2012,47,L,McGinn,Brock,LW,CAR,57,7,9,6,3,16,-11
925000,92-10-24,USA,USA,,178,2011,91,L,Rau,Kyle,C,FLA,24,2,1,0,1,,-3
1000000,91-12-02,SWE,SWE,72,190,2010,157,R,Fast,Jesper,RW/LW,NYR,68,6,15,10,5,21,6
2000000,84-12-18,USA,USA,78,244,2003,26,L,Boyle,Brian,C/LW,T.B/TOR,75,13,12,7,5,25,3
925000,94-02-27,CAN,CAN,74,192,2012,23,L,Matheson,Michael,D,FLA,81,7,10,7,3,17,-5
600000,92-07-25,CAN,CAN,72,186,,,L,Sgarbossa,Michael,C,ANA/FLA,38,2,7,5,2,9,
832500,95-02-02,CAN,CAN,72,209,2013,17,R,Lazar,Curtis,C/RW,CGY/OTT,37,1,3,1,,4,-8
575000,89-02-16,CAN,CAN,70,203,,,L,Liambas,Mike,LW,NSH,1,0,,0,0,0,-1
3500000,90-10-22,CAN,CAN,74,227,2009,94,R,Savard,David,D,CBJ,74,6,17,8,9,23,33
1750000,90-11-19,USA,USA,,210,2009,21,L,Moore,John,D,N.J,63,12,10,4,6,,-7
875000,93-02-24,CAN,CAN,73,193,,26,L,Danault,Phillip,LW/C,MTL,82,13,27,15,12,40,5
1000000,93-03-23,RUS,CZE,74,196,2011,41,L,Jaskin,Dmitrij,RW/LW,STL,51,1,10,5,,11,
575000,90-10-06,CAN,CAN,70,190,2009,139,R,Dumont,Gabriel,C,T.B,39,2,2,2,0,4,1
5750000,86-12-06,USA,USA,73,200,2005,28,R,Niskanen,Matt,D,WSH,78,5,34,17,17,39,
1250000,92-01-11,CAN,CAN,,200,,23,R,Pysyk,Mark,D,FLA,82,4,13,3,10,17,0
700000,91-10-29,SWE,SWE,73,202,2010,57,L,Lindberg,Oscar,C,NYR,65,8,12,6,6,20,
925000,94-08-30,RUS,RUS,79,265,2014,66,L,Tryamkin,Nikita,D,VAN,66,2,7,3,,9,-7
13800000,88-04-29,CAN,CAN,74,201,2006,3,L,Toews,Jonathan,C,CHI,72,21,37,21,17,58,7
8000000,85-12-12,CAN,CAN,75,200,2004,4,L,Ladd,Andrew,LW,NYI,78,23,8,7,1,31,
1000000,92-02-03,USA,USA,,205,2010,38,L,Merrill,Jon,D,N.J,51,1,5,1,4,6,-9
925000,97-05-05,CAN,CAN,72,170,2015,4,R,Marner,Mitchell,C/RW,TOR,77,19,42,24,18,,0
600000,93-03-26,CAN,CAN,72,205,,150,R,Corrado,Frank,D,PIT/TOR,4,0,0,0,0,0,-1
832500,95-04-16,RUS,RUS,77,230,2013,16,L,Zadorov,Nikita,D,COL,56,0,10,7,,10,-20
2750000,84-12-13,CAN,CAN,,206,2003,37,R,Klein,Kevin,D,NYR,60,3,11,,5,14,
4250000,86-07-14,RUS,RUS,73,225,2006,44,L,Kulemin,Nikolay,LW/RW,NYI,72,12,11,7,4,23,3
3100000,94-02-12,USA,USA,73,210,2012,3,L,Galchenyuk,Alex,C/LW,MTL,61,17,27,16,11,44,-5
575000,87-11-29,CAN,CAN,73,207,,,L,Irwin,Matt,D,NSH,74,3,11,4,7,14,15
2250000,82-08-25,CAN,CAN,,203,2000,33,L,Schultz,Nick,D,PHI,28,0,4,3,1,4,1
575000,92-09-01,CZE,CZE,75,210,,,L,Nosek,Tomas,LW/C,DET,11,1,0,0,0,1,-1
600000,94-08-07,CAN,CAN,,205,2012,60,R,Severson,Damon,D,N.J,80,3,28,,15,31,-31
625000,84-09-30,USA,USA,74,219,2003,51,R,McDonald,Colin,RW/C,PHI,3,1,0,0,,1,1
4000000,88-06-07,CAN,CAN,72,203,2006,112,L,Beleskey,Matt,LW,BOS,49,3,5,,4,8,-10
2400000,86-02-18,CAN,CAN,73,202,2004,47,R,Comeau,Blake,LW/RW,COL,77,8,12,6,6,20,-19
867500,93-10-09,CAN,CAN,,200,2012,38,L,Di Giuseppe,Phillip,LW,CAR,36,1,6,3,3,7,-12
1300000,85-01-30,CAN,CAN,71,190,2004,126,R,Mitchell,Torrey,C/RW,MTL,78,8,9,4,,17,5
575000,92-02-05,CHE,CHE,71,192,2013,186,L,Vermin,Joel,RW,T.B,18,0,3,0,3,3,2
832500,95-03-28,CAN,CAN,,195,2013,13,L,Morrissey,Josh,D,WPG,82,6,,9,5,20,6
7000000,87-11-23,SWE,SWE,73,213,2006,4,L,Backstrom,Nicklas,C,WSH,82,23,63,32,31,86,17
700000,94-05-07,CAN,CAN,75,221,2012,95,R,Anderson,Josh,RW,CBJ,78,17,12,8,,29,12
850000,93-04-16,FIN,FIN,72,183,2011,45,L,Granlund,Markus,C,VAN,69,19,13,8,5,32,-19
925000,96-04-27,GBR,GBR,75,211,2014,12,L,Perlini,Brendan,LW,ARI,57,14,7,3,4,21,
722500,91-11-23,USA,USA,74,208,,,R,Hathaway,Garnet,RW,CGY,26,1,4,2,2,5,0
4250000,89-05-08,DNK,DNK,74,207,2007,13,L,Eller,Lars,C/LW/RW,WSH,81,12,13,6,7,,15
925000,95-04-17,RUS,RUS,74,193,2013,75,L,Buchnevich,Pavel,RW/LW,NYR,41,8,12,,6,20,6
1850000,81-06-17,USA,USA,,209,2000,131,L,Hendricks,Matt,LW/C,EDM,42,4,3,0,3,7,-3
5000000,87-09-22,CAN,CAN,73,204,2006,6,L,Brassard,Derick,C,OTT,81,14,,12,13,39,12
925000,95-10-27,DEU,DEU,73,216,2014,3,L,Draisaitl,Leon,C,EDM,82,29,48,31,17,77,7
615000,94-03-24,CAN,CAN,75,210,2012,161,R,Dotchin,Jake,D,T.B,35,0,11,3,8,11,10
4000000,93-07-12,SWE,SWE,73,193,2011,10,L,Brodin,Jonas,D,MIN,68,3,22,,14,25,5
715000,93-07-29,FRA,FRA,73,208,2011,48,L,Ouellet,Xavier,D,DET,66,3,9,5,4,12,2
1600000,85-09-08,CAN,CAN,74,195,,,R,Purcell,Teddy,LW/RW,L.A,12,0,2,1,1,2,
874125,93-09-07,CAN,CAN,75,210,2011,11,L,Siemens,Duncan,D,COL,3,0,0,0,0,0,-2
5000000,88-05-11,CAN,CAN,69,181,2006,71,L,Marchand,Brad,LW/C,BOS,80,39,46,23,,85,18
1000000,81-06-13,CZE,CZE,73,194,1999,212,R,Vrbata,Radim,RW,ARI,81,20,35,24,11,55,-18
1000000,93-01-08,SWE,SWE,73,189,2011,53,L,Karlsson,William,C,CBJ,81,6,19,13,6,25,10
600000,90-02-01,USA,USA,73,195,,,R,Megna,Jayson,C,VAN,58,4,4,,1,8,-4
2250000,91-08-10,USA,CAN,75,228,2009,104,L,Foligno,Marcus,LW,BUF,80,13,10,4,6,23,-1
950000,86-05-13,CAN,CAN,,176,2004,134,R,Versteeg,Kris,RW/LW,CGY,69,15,22,10,,37,-3
1200000,83-06-03,CAN,CAN,75,235,2001,50,R,Thorburn,Chris,RW/LW,WPG,64,3,1,1,0,4,-7
950000,88-07-26,USA,USA,73,183,,,R,Flynn,Brian,C/RW,MTL,51,6,4,3,1,,2
5000000,88-02-17,CZE,CZE,,194,2006,10,L,Frolik,Michael,RW/C,CGY,82,17,27,11,16,44,13
6500000,84-03-01,CAN,SWE,72,211,2002,24,L,Steen,Alex,LW/C,STL,76,16,35,20,15,51,
900000,93-06-28,CAN,CAN,76,220,2011,46,L,Edmundson,Joel,D,STL,69,3,12,5,7,15,11
12000000,85-08-14,CAN,CAN,,232,2003,49,R,Weber,Shea,D,MTL,78,17,,9,16,42,20
925000,96-10-29,FIN,FIN,76,211,2015,10,L,Rantanen,Mikko,RW,COL,75,20,18,10,8,38,-25
925000,97-01-29,SWE,SWE,74,197,2015,20,L,Eriksson Ek,Joel,C/RW/LW,MIN,15,3,4,2,2,7,1
874125,91-12-31,CAN,CAN,,180,,,L,Tanev,Brandon,LW/C/RW,WPG,51,2,2,0,2,,-6
5000000,84-03-20,FIN,FIN,72,196,2002,95,L,Filppula,Valtteri,C/LW,PHI/T.B,79,12,30,21,9,42,-1
1500000,86-01-17,SWE,SWE,75,209,2006,161,L,Stalberg,Viktor,LW/RW,CAR/OTT,75,11,5,5,0,16,
2725000,87-07-02,CZE,CZE,,197,2005,106,L,Sobotka,Vladimir,LW/C,STL,1,1,0,,0,1,0
670000,94-04-16,CAN,CAN,70,190,2012,104,L,Smith,Gemel,C,DAL,17,3,3,1,2,6,-1
875000,91-07-16,USA,USA,73,194,,,L,Schmidt,Nate,D,WSH,60,3,14,6,8,17,22
3250000,79-01-18,USA,USA,67,178,1998,82,R,Gionta,Brian,RW,BUF,82,15,20,14,6,35,-11
925000,96-01-22,CAN,CAN,72,173,2014,28,R,Ho-Sang,Joshua,RW/C,NYI,21,4,6,5,1,10,1
2000000,92-01-16,USA,USA,71,187,2010,59,L,Zucker,Jason,LW/RW,MIN,79,22,25,16,9,47,34
625000,86-03-30,CAN,CAN,71,205,,,L,Haley,Micheal,C,S.J,58,2,10,7,3,12,6
925000,95-12-03,FIN,FIN,,195,2014,14,R,Honka,Julius,D,DAL,16,1,4,4,,5,-4
3500000,87-11-18,CAN,CAN,71,218,2006,72,R,Clutterbuck,Cal,RW,NYI,66,5,15,10,5,20,2
925000,94-05-25,CAN,CAN,73,195,2012,175,R,Benning,Matthew,D,EDM,62,3,12,6,6,15,8
1650000,87-05-15,CAN,CAN,,214,,,L,Holden,Nick,D,NYR,80,11,23,9,14,34,13
640000,93-04-08,SWE,SWE,69,180,2014,112,R,Arvidsson,Viktor,LW/RW,NSH,80,31,30,14,,61,16
925000,95-05-20,SWE,SWE,75,214,2013,34,L,De la Rose,Jacob,LW,MTL,9,0,0,0,0,0,-3
1900000,92-11-22,RUS,RUS,71,180,2011,27,L,Namestnikov,Vladislav,C/LW,T.B,74,10,18,9,9,28,-4
925000,96-01-22,CAN,CAN,,195,2014,21,L,Fabbri,Robby,C/LW,STL,51,11,18,12,6,29,-16
4000000,91-03-28,CZE,CZE,72,188,2011,208,L,Palat,Ondrej,LW,T.B,75,17,35,17,18,52,8
6500000,85-03-21,USA,USA,70,187,2004,127,R,Callahan,Ryan,RW,T.B,18,2,,1,1,4,-4
700000,91-04-12,SWE,SWE,75,203,2009,10,L,Paajarvi,Magnus,LW,STL,32,8,5,3,2,13,9
925000,97-03-11,CAN,CAN,,175,2015,24,R,Konecny,Travis,C/LW,PHI,70,11,17,10,7,28,-2
925000,93-05-26,USA,USA,75,207,2012,66,L,Vesey,Jimmy,LW,NYR,80,16,11,7,4,27,-13
1025000,89-12-07,DNK,DNK,73,185,2008,149,R,Larsen,Philip,D,VAN,26,1,5,4,1,6,-8
925000,96-02-14,DNK,DNK,,172,2014,9,L,Ehlers,Nikolaj,LW,WPG,82,25,39,20,19,64,1
925000,94-03-26,USA,USA,75,211,2012,28,L,Skjei,Brady,D,NYR,80,5,34,13,21,39,11
1750000,85-10-16,CAN,CAN,75,215,,,R,Beagle,Jay,C/RW,WSH,81,13,17,13,4,30,20
6000000,91-11-14,CAN,CAN,73,201,2010,1,L,Hall,Taylor,LW/C,N.J,72,20,33,22,11,53,-9
2500000,93-10-06,RUS,RUS,,195,2012,1,L,Yakupov,Nail,RW/LW,STL,40,3,6,3,3,9,-3
667500,94-04-03,USA,USA,69,173,2012,169,R,Hinostroza,Vinnie,LW/C,CHI,49,6,8,4,4,14,-1
3700000,85-02-27,CAN,CAN,77,223,2003,8,L,Coburn,Braydon,D,T.B,80,5,7,4,3,12,-1
650000,92-05-29,USA,USA,73,210,,,R,Brown,Patrick,C,CAR,14,0,0,0,0,0,-6
925000,97-01-30,USA,USA,72,183,2015,21,R,White,Colin,C/D,OTT,2,0,0,0,0,0,0
832500,95-07-12,CAN,CAN,,202,2013,11,L,Morin,Samuel,D,PHI,1,0,0,0,0,0,0
667500,92-06-08,USA,USA,68,175,,,L,Sheary,Conor,LW,PIT,61,23,30,12,,53,24
832500,94-03-25,CAN,CAN,74,217,2012,26,L,Gaunce,Brendan,C/LW,VAN,57,0,5,2,3,5,-2
7000000,80-09-26,SWE,SWE,73,190,1999,2,L,Sedin,Daniel,LW,VAN,82,15,29,22,7,44,-16
925000,98-04-19,FIN,FIN,77,206,2016,2,R,Laine,Patrik,RW,WPG,73,36,28,13,15,,7
925000,97-04-06,CZE,CZE,75,210,2015,6,L,Zacha,Pavel,C,N.J,70,8,16,11,5,24,-17
3750000,93-07-11,USA,USA,70,182,2011,64,R,Trocheck,Vincent,C/RW,FLA,82,23,31,16,15,54,-13
6000000,83-03-20,CAN,CAN,72,202,2002,241,R,Wideman,Dennis,D,CGY,57,5,13,6,,18,
750000,93-03-31,CAN,CAN,71,185,2011,12,R,Murphy,Ryan,D,CAR,27,0,,1,1,2,-11
7000000,90-01-18,CAN,CAN,75,205,,4,R,Pietrangelo,Alex,D,STL,80,14,34,17,,48,3
640000,96-10-08,CAN,CAN,71,174,2015,115,R,Carrier,Alex,D,NSH,2,0,,,0,,1
3000000,88-08-05,CAN,CAN,73,205,,36,L,McGinn,Jamie,LW/RW,ARI,72,9,8,,4,,
925000,94-10-23,DNK,DNK,,182,2013,45,R,Sorensen,Nick,RW,ANA,5,0,1,0,1,1,-1
925000,97-05-26,CAN,CAN,72,182,2015,16,R,Barzal,Mathew,C,NYI,2,0,0,0,0,0,-2
3000000,90-10-13,SWE,SWE,74,196,2009,39,R,Silfverberg,Jakob,RW/LW,ANA,79,23,26,,11,,10
3750000,92-05-13,CAN,CAN,,206,2010,178,R,Stone,Mark,RW,OTT,71,22,,17,15,54,12
9500000,86-07-31,RUS,RUS,75,195,2004,2,L,Malkin,Evgeni,C/RW,PIT,62,33,39,26,13,72,18
1250000,92-02-25,SWE,SWE,73,189,2010,90,L,Nordstrom,Joakim,LW/C,CAR,82,7,5,2,3,12,-12
925000,97-06-08,CAN,CAN,71,170,2015,28,L,Beauvillier,Anthony,C/LW,NYI,66,9,15,8,7,,1
842500,93-09-23,SWE,SWE,71,196,2012,37,R,Aberg,Pontus,LW,NSH,15,1,1,0,1,2,-2
4000000,89-09-05,USA,USA,,208,2009,98,R,Smith,Craig,RW/LW/C,NSH,78,12,17,13,,29,7
2700000,84-04-27,USA,USA,74,215,2003,21,L,Stuart,Mark,D,WPG,42,2,,1,1,4,4
5000000,87-01-13,USA,USA,73,226,2005,3,L,Johnson,Jack,D,CBJ,82,5,18,6,12,23,23
575000,93-03-09,FIN,FIN,71,203,2011,52,L,Salomaki,Miikka,RW,NSH,5,0,0,,0,0,-1
600000,90-09-21,USA,USA,,196,,150,R,Jensen,Nick,D,DET,49,4,9,5,4,,-7
3700000,89-10-02,CAN,CAN,73,210,2008,9,L,Bailey,Josh,RW/LW/C,NYI,82,13,43,30,13,56,5
6500000,79-09-15,CAN,CAN,74,215,1997,2,L,Marleau,Patrick,LW/C,S.J,82,27,19,7,12,46,4
575000,83-10-09,USA,USA,67,175,,,R,Gionta,Stephen,RW/C,NYI,26,1,5,5,0,6,9
680000,93-04-16,USA,USA,77,210,2011,101,L,Labate,Joseph,C,VAN,13,0,0,,0,,-2
600000,92-09-26,USA,USA,73,201,2011,82,R,Shore,Nick,C,L.A,70,6,,6,5,17,-2
9000000,85-01-21,USA,USA,74,206,2003,7,L,Suter,Ryan,D,MIN,82,9,31,10,21,40,34
4250000,87-03-30,CAN,CAN,73,205,2005,35,L,Vlasic,Marc-Edouard,D,S.J,75,6,22,14,8,28,4
7000000,82-10-31,CZE,CZE,71,196,2001,71,L,Plekanec,Tomas,C,MTL,78,10,18,,9,,10
925000,93-05-12,CAN,CAN,,226,,86,R,Parayko,Colton,D,STL,81,4,31,17,14,,7